0	4.4855	1.7102	1.0491	5.5206	0.9471	5.3704	0.8665	0.9178	0.9680	1.0361
1	4.4360	1.6815	2.0984	8.0994	2.0030	8.5778	1.4452	1.9966	2.3887	2.1816
2	4.3148	1.6454	2.3112	11.3782	2.7047	13.1145	2.9666	2.7850	2.9681	2.0989
3	4.2733	1.5988	3.3704	14.0405	3.4004	14.3962	3.4949	2.9822	3.7895	3.3347
4	4.2020	1.5731	4.1933	17.1423	4.1190	17.0554	3.7755	3.7321	4.8964	4.0722
5	4.1815	1.5550	4.5739	19.0978	4.3169	18.5093	4.1158	4.1566	4.4062	4.5889
6	4.1470	1.5380	4.9096	20.1302	4.8134	20.1269	5.1789	4.5724	4.5598	4.9424
7	4.1126	1.5217	5.7600	21.7810	5.6265	21.2735	5.5537	5.4723	6.0311	5.4489
8	4.0601	1.5064	6.6514	23.1334	6.4246	22.5090	6.1090	6.3434	6.3038	6.9421
9	4.0223	1.5053	6.4164	23.3746	6.1926	23.4866	5.7749	6.4435	6.1591	6.3929
10	3.9737	1.4776	7.1764	25.8048	6.8489	25.1607	6.4480	6.8859	6.9321	7.1295
11	3.9731	1.4865	7.0825	25.3157	7.0012	25.4786	6.5845	6.9971	7.1149	7.3084
12	3.8761	1.4712	7.3979	26.7500	7.2253	26.9292	7.0301	6.9448	7.7481	7.1781
13	3.8800	1.4462	8.3798	28.4846	8.0127	27.8692	7.7471	7.8977	8.3111	8.0949
14	3.8092	1.4371	8.9933	28.9997	8.4802	28.2861	7.2751	8.5275	9.1941	8.9238
15	3.8219	1.4269	9.3760	30.3432	8.8215	29.3083	8.0127	9.0838	9.0149	9.1747
16	3.8210	1.4349	9.4075	29.9191	8.7549	29.3503	7.6987	8.1513	9.7564	9.4133
17	3.7923	1.4382	8.8554	29.6719	8.7494	29.8605	8.2471	8.8771	9.1602	8.7131
18	3.7665	1.4007	10.2687	32.0393	9.3312	30.6881	7.7578	9.7093	9.6356	10.2220
19	3.7345	1.3963	10.6639	32.6589	9.9925	31.6923	8.7301	10.1214	11.0496	10.0688
20	3.6617	1.3780	11.3899	34.2943	10.5417	33.1225	9.3424	10.3735	11.1767	11.2743
21	3.6808	1.3822	11.5917	33.9850	10.5477	32.4795	9.0139	10.4687	11.5670	11.1412
22	3.7053	1.3914	11.2951	33.6977	10.2987	32.6956	8.6701	9.8950	11.1598	11.4701
23	3.6471	1.3626	12.9289	35.8637	11.8345	34.2871	10.0683	11.9257	12.3933	12.9505
24	3.6161	1.3499	12.9048	36.7824	11.8904	35.3414	10.8706	11.5273	12.2858	12.8781
25	3.6800	1.3788	11.9116	35.3194	11.5606	34.8701	11.2083	11.2006	11.6903	12.1430
26	3.5684	1.3601	12.9050	36.8767	12.1504	36.2314	11.3602	12.1455	12.6624	12.4335
27	3.5581	1.3509	13.3038	37.4602	12.8139	37.1587	11.6949	12.8425	13.3809	13.3374
28	3.5685	1.3265	13.9716	38.8485	13.2299	37.5072	12.3451	12.9378	13.6026	14.0341
29	3.4902	1.3115	15.0243	40.2085	14.0053	38.6707	12.6282	14.0324	14.7036	14.6568
30	3.6128	1.3276	14.0090	39.0103	13.2177	38.2512	12.6772	12.7256	13.2889	14.1791
31	3.5099	1.3100	15.0600	40.1173	14.2799	38.9847	12.9955	14.4142	14.7478	14.9622
32	3.4429	1.2935	15.7399	41.4744	14.8149	40.2177	13.3234	14.8857	15.6010	15.4494
33	3.4704	1.2914	15.8718	41.6719	15.1128	40.2244	13.5795	15.2312	15.8492	15.7914
34	3.4036	1.2759	16.6156	43.0937	15.7543	41.3765	14.2882	15.8067	16.6374	16.2850
35	3.4423	1.2860	16.2079	42.3644	15.5631	41.2978	14.1405	16.1076	16.3172	15.6869
36	3.4240	1.2885	15.9295	42.4652	15.8965	41.9745	15.4206	16.4752	15.7936	15.8967
37	3.4130	1.2617	17.2301	44.1982	16.4912	43.4234	15.1309	16.8870	17.1621	16.7848
38	3.3244	1.2439	18.1431	45.7553	17.1452	43.9975	15.9084	17.5939	17.5512	17.5275
39	3.3130	1.2411	18.0906	45.5130	17.0051	44.2216	15.4063	16.9461	18.0369	17.6310
40	3.2936	1.2652	17.4272	44.7734	17.0858	44.6185	15.6624	17.3907	18.3230	16.9673
41	3.2821	1.2432	17.9654	45.5115	17.6509	45.1974	16.6099	18.1366	18.0440	17.8131
42	3.1679	1.2067	19.8465	48.3411	18.7442	46.5810	16.7302	19.6414	19.4192	19.1860
43	3.1910	1.2134	19.0138	47.8792	18.0945	46.0699	16.3666	18.2167	19.0123	18.7822
44	3.1442	1.2277	18.8786	47.2371	18.7001	46.9873	16.7125	19.3668	19.8656	18.8556
45	3.1760	1.2285	19.1535	47.2203	18.4780	46.5630	16.3813	19.3538	19.3322	18.8448
46	3.1702	1.2038	20.3067	48.7500	19.7272	47.4749	18.0048	20.4932	20.5738	19.8373
47	3.0614	1.1794	21.3116	50.3255	20.1299	48.4014	17.9005	20.2480	21.2132	21.1578
48	3.1055	1.2176	20.0430	48.3611	20.1494	47.9491	18.9176	20.6802	21.0381	19.9618
49	3.0569	1.1765	21.5587	50.7976	20.8688	49.3338	19.0564	21.0531	22.2057	21.1599
50	3.0737	1.2079	20.1740	49.1143	20.5107	49.2664	19.8936	21.0672	20.8829	20.1991
51	2.9926	1.1972	20.6379	50.0404	21.0513	50.0047	20.6758	21.4540	21.2633	20.8122
52	3.0561	1.1600	22.3231	51.8904	21.4812	50.6694	19.7750	21.9122	21.9972	22.2404
53	3.0026	1.1831	21.2397	50.6247	20.7968	50.5528	18.6467	21.3722	21.9842	21.1840
54	2.9169	1.1478	22.9688	52.9074	21.9874	51.5250	19.7960	22.3210	22.8950	22.9376
55	2.8864	1.1477	23.0903	53.1588	22.2791	51.9684	20.1981	22.2507	23.2936	23.3740
56	2.9607	1.1453	23.0352	52.9833	22.0204	51.4611	19.4842	22.6656	23.6258	22.3058
57	2.9474	1.1556	22.9583	52.4557	22.1777	51.4585	19.3698	22.6289	23.8023	22.9100
58	2.8318	1.1571	22.7434	52.7291	22.2794	52.6527	19.7302	22.8167	23.7372	22.8335
59	2.8693	1.1238	24.3390	54.6609	23.6220	53.3709	21.3768	24.0353	24.4989	24.5771
60	2.7579	1.1159	24.7314	54.8322	23.7909	53.3905	21.7686	23.7647	24.9140	24.7164
61	3.0360	1.1373	23.7934	53.3915	22.6652	51.4703	19.8735	23.1886	23.9174	23.6812
62	2.8779	1.1126	24.8376	55.0928	23.4467	52.9626	21.0338	23.6458	25.0062	24.1010
63	2.6613	1.0985	25.7165	55.7864	24.0618	53.5978	21.4058	24.0052	25.4810	25.3551
64	2.7687	1.1115	24.9482	55.2920	23.5318	53.3655	21.1756	23.4104	24.9055	24.6357
65	2.8517	1.1405	24.0440	53.8742	23.2716	52.4472	21.6859	23.1097	24.4359	23.8550
66	2.7782	1.1286	24.5473	54.6326	23.5919	52.9448	22.1338	23.3464	24.7936	24.0938
67	2.7813	1.1068	25.5665	55.8609	24.3103	54.1558	22.2638	23.9226	25.7183	25.3363
68	2.7804	1.1049	25.2400	55.8149	24.0346	54.0832	21.2735	24.4937	25.1196	25.2513
69	2.8870	1.1236	24.2874	54.9163	23.5292	53.3806	21.2207	23.5659	25.0686	24.2613
70	2.8534	1.1155	24.5815	55.0109	23.9297	54.0539	22.1698	24.1965	25.4186	23.9338
71	2.7383	1.0998	25.6237	56.3695	24.3186	54.9370	21.6740	24.5668	25.4666	25.5670
72	2.7462	1.1191	24.6224	55.2801	23.8804	54.0163	21.6298	23.9747	25.4288	24.4881
73	2.7010	1.1065	25.2671	56.2231	24.4350	54.9314	21.4605	25.0870	26.1328	25.0598
74	2.7177	1.1109	24.9855	55.9896	24.1686	54.9523	21.6173	24.8783	25.1482	25.0306
75	2.7406	1.0856	25.9947	57.2341	24.5295	55.4467	21.3608	24.8028	25.7913	26.1630
76	2.7797	1.1415	23.9290	54.5962	24.1271	54.4153	22.6609	24.8700	25.3189	23.6586
77	2.7180	1.1001	25.7520	56.0845	24.5741	54.6078	21.7402	24.8897	25.9544	25.7120
78	2.7335	1.0922	25.7724	56.9166	24.6894	55.1907	22.5132	24.5444	25.9981	25.7017
79	2.6600	1.0802	26.7058	57.6959	25.5522	55.9669	23.2359	25.7018	26.6751	26.5961
80	2.5854	1.0736	27.0394	57.9434	25.7723	56.3864	23.0481	26.2964	26.6441	27.1005
81	2.6613	1.0781	26.8579	57.6230	25.2550	55.6001	21.3819	26.4712	26.4897	26.6772
82	2.8293	1.1038	25.2128	56.1781	24.2736	54.7911	21.5274	25.5126	24.9194	25.1349
83	2.6321	1.0885	26.5516	57.1376	25.8449	55.8528	23.1316	27.1661	26.4473	26.6349
84	2.6359	1.0884	26.2861	57.3229	25.4422	56.5455	22.8689	25.9466	26.7072	26.2461
85	2.7472	1.1567	23.4119	53.2659	23.2460	53.2527	21.4192	24.1794	23.6730	23.7126
86	2.6808	1.0891	25.8821	57.1801	24.8404	55.8555	22.1220	25.5026	26.1525	25.5846
87	2.5821	1.1177	25.4956	55.9566	25.4981	55.8991	23.3344	26.8052	26.4763	25.3764
88	2.7610	1.0954	25.9979	57.1272	25.3896	56.0672	23.1469	26.0717	26.0976	26.2421
89	2.6983	1.1056	25.5437	56.1438	24.7018	55.1040	22.4414	25.2683	25.4461	25.6513
90	2.6838	1.0899	26.1161	57.0488	25.0816	55.9168	22.4893	25.7897	25.8872	26.1600
91	2.5735	1.0753	27.0132	58.1419	26.1894	56.9432	23.0936	26.5416	27.7054	27.4170
92	2.6186	1.0724	26.8991	58.2875	25.9916	56.9569	23.5118	26.7219	26.9719	26.7608
93	2.5627	1.0619	27.3902	58.8742	25.9200	56.9974	23.1864	26.0765	26.9727	27.4442
94	2.7262	1.0799	26.6053	57.9802	25.7540	56.7881	23.2845	26.5743	26.6150	26.5424
95	2.5887	1.0473	28.6512	59.7078	27.1079	57.6281	23.2090	28.1696	28.3228	28.7300
96	2.7011	1.0771	26.9751	57.9191	25.8603	56.4087	23.0910	27.1092	26.5063	26.7348
97	2.6339	1.0865	26.7079	57.6124	25.5831	56.3137	22.1385	26.6192	27.1468	26.4279
98	2.3921	1.0493	28.1549	59.7160	26.9962	58.0401	24.2021	27.9377	27.9511	27.8939
99	2.4968	1.0618	27.9073	58.7775	26.6327	57.2186	23.7095	27.1624	27.9828	27.6761
100	2.4132	1.0151	29.9441	61.5466	28.2241	59.4216	25.0161	28.8057	29.5138	29.5607
101	2.2149	1.0011	30.8432	62.2564	29.0170	59.8761	25.5871	29.7211	30.1497	30.6102
102	2.1591	0.9910	31.4185	62.8121	29.2706	60.2790	25.6250	29.8433	30.4297	31.1842
103	2.2176	0.9839	31.6396	63.2826	29.7972	60.8267	26.2110	30.3885	31.1376	31.4515
104	2.1493	0.9754	32.1163	63.8419	30.0734	61.2898	26.2467	31.0220	31.1509	31.8741
105	2.0917	0.9659	32.7451	64.3285	30.7433	61.9069	26.9788	31.5294	32.1650	32.3000
106	2.0132	0.9640	32.9024	64.5758	31.0867	62.2645	27.3778	31.7143	32.5989	32.6559
107	2.1362	0.9665	32.8291	64.3899	30.8842	62.0688	27.2694	31.4419	32.2266	32.5988
108	2.0409	0.9542	33.4960	65.0025	31.3807	62.7015	27.3114	32.0057	32.7731	33.4329
109	1.9766	0.9463	33.8069	65.7061	31.5486	63.2449	27.5268	31.7988	32.7682	34.1005
110	2.0918	0.9473	33.8436	65.7213	31.7494	63.4000	27.1932	32.6734	33.4885	33.6427
111	1.9678	0.9419	34.2778	66.1031	32.0240	63.8183	27.6317	32.2090	33.8198	34.4353
112	2.0330	0.9437	34.1807	66.0084	32.1340	64.0508	27.8655	32.9980	33.1612	34.5111
113	1.8418	0.9285	35.0089	66.7274	32.6015	64.2829	28.0906	32.9498	33.9772	35.3884
114	1.9269	0.9270	34.9105	67.0069	32.6734	64.7191	28.5651	33.5116	33.8335	34.7834
115	1.9237	0.9212	35.0673	67.4652	33.0547	65.2507	28.8977	33.9057	34.0787	35.3368
116	1.8197	0.9231	35.6235	67.2493	33.3033	64.9761	29.0739	33.7488	34.7401	35.6505
117	1.7663	0.9235	35.7115	67.2950	33.4644	65.1919	28.9701	34.0812	35.0282	35.7781
118	1.9586	0.9515	34.2471	66.2348	32.5075	64.5027	28.6558	33.1408	33.7532	34.4801
119	1.6487	0.9127	36.1232	67.9826	33.7458	65.5153	29.4947	34.0584	35.4662	35.9639
120	1.8686	0.9259	35.5638	67.2372	33.3743	65.4004	28.9679	33.9866	34.9475	35.5953
121	1.8764	0.9307	35.0335	67.2347	33.4354	65.3403	29.8395	34.1182	34.8721	34.9117
122	1.8410	0.9240	35.6078	67.5884	33.7400	65.7254	29.6524	34.4252	35.2234	35.6589
123	1.8520	0.9092	36.2937	68.2339	34.2101	66.2294	30.1648	34.3224	36.1525	36.2007
124	1.8558	0.9124	36.0989	68.1779	34.1596	65.9893	29.7261	34.1893	36.4552	36.2679
125	1.6627	0.9026	36.5532	68.7747	34.0697	66.5619	29.3949	34.3373	36.0351	36.5116
126	1.7856	0.9115	36.2353	68.3665	34.0176	66.3319	29.5590	34.5416	35.7984	36.1715
127	1.6689	0.9104	36.3959	68.3802	34.3663	66.5482	30.0075	34.7620	36.4272	36.2686
128	1.7625	0.9015	36.8348	69.0774	34.7832	67.0720	30.9479	35.1493	36.3365	36.6991
129	1.7381	0.9113	36.4501	68.3534	34.4522	66.6808	30.4449	34.5439	36.4233	36.3966
130	1.7737	0.9029	36.6367	68.7548	34.8788	67.1839	31.1966	35.3085	36.6607	36.3494
131	1.6825	0.8945	37.2126	69.3585	34.8600	67.2743	30.1835	35.2823	36.8805	37.0935
132	1.6941	0.8950	37.5190	69.2987	35.0887	67.0204	30.2293	35.9065	36.3708	37.8483
133	1.8969	0.9110	36.5663	68.4823	34.5077	66.7710	30.1867	35.3941	36.2945	36.1554
134	1.6534	0.9066	37.0978	68.8177	35.0135	66.8667	30.5219	35.7660	36.8697	36.8962
135	1.7240	0.8930	37.5597	69.2942	35.2501	67.2490	30.4659	35.3148	37.2574	37.9624
136	1.6905	0.8904	37.6063	69.6246	35.1065	67.2498	30.7512	34.8402	37.1244	37.7102
137	1.6928	0.9079	37.1005	68.7537	35.1387	67.0685	30.4450	35.7027	37.5677	36.8393
138	1.5574	0.8801	38.2057	70.1164	35.7260	67.9023	31.1029	35.9770	37.6663	38.1577
139	1.6228	0.8828	38.0524	70.0526	35.5840	68.0057	30.8641	35.9785	37.5007	37.9927
140	1.7815	0.8986	37.1252	69.3752	35.2345	67.7513	30.9601	35.8083	37.1863	36.9832
141	1.5538	0.8678	38.7691	70.7045	36.4562	68.6035	32.0010	36.6989	38.5048	38.6201
142	1.6009	0.8649	38.6950	70.9445	36.1771	68.7287	31.1884	36.8181	38.0795	38.6223
143	1.6193	0.8652	38.9240	71.0590	36.5513	68.9472	31.5851	37.6409	38.3331	38.6461
144	1.5856	0.8742	38.5542	70.2755	36.0820	68.0880	31.8625	36.1719	37.9625	38.3309
145	1.5462	0.8782	38.5268	70.3650	35.9708	68.2610	31.1939	35.9161	38.0476	38.7257
146	1.5595	0.8821	38.2061	70.2516	35.8772	68.2010	31.7832	35.7941	38.3566	37.5749
147	1.6579	0.8849	38.2037	70.2815	35.8930	68.3434	31.5500	36.4197	37.7250	37.8774
148	1.5298	0.8804	38.4152	70.5616	36.3458	68.7967	32.3402	36.8511	37.8836	38.3082
149	1.4650	0.8605	39.1798	71.1673	36.6511	68.9818	32.5929	36.5799	38.4385	38.9932
150	1.5049	0.8669	38.8411	71.0012	36.5857	69.0777	32.4481	36.4229	38.4539	39.0180
151	1.5729	0.8678	38.8586	71.0252	36.6645	69.0761	32.7306	36.6832	38.5049	38.7395
152	1.4361	0.8562	39.5436	71.4103	37.1490	69.0724	32.4492	37.2904	39.1794	39.6769
153	1.5674	0.8725	38.7439	70.7385	36.5052	68.9581	31.6115	36.8412	38.4097	39.1582
154	1.6482	0.8731	38.7086	71.0479	36.3666	69.0506	31.6078	36.9809	38.1239	38.7537
155	1.6414	0.8663	39.2329	70.9978	36.8128	68.9820	32.0457	37.3282	38.0918	39.7853
156	1.6013	0.8561	39.6086	71.6056	37.2240	69.6007	32.8340	37.4533	38.8374	39.7715
157	1.6824	0.8815	38.4764	70.5446	36.6592	68.9014	32.5310	36.8283	38.0990	39.1784
158	1.3837	0.8518	39.7866	71.6892	37.2303	69.5272	32.2802	37.2550	39.3386	40.0474
159	1.5387	0.8647	39.4018	71.3098	37.2813	69.6185	32.9868	37.2381	39.4301	39.4703
160	1.4922	0.8385	40.6357	72.4851	37.8960	70.1780	33.0345	37.7596	40.2588	40.5310
161	1.4876	0.8562	39.6916	71.7288	37.6730	69.7748	33.1073	37.8768	39.4124	40.2956
162	1.7124	0.8469	40.1748	72.1545	37.6450	70.0551	33.0922	37.8384	39.5407	40.1088
163	1.6313	0.8495	40.1536	72.2466	38.1087	70.2895	33.8403	38.2307	39.7513	40.6124
164	1.5364	0.8502	40.2854	72.0317	38.2393	70.3785	34.5008	38.5430	39.4608	40.4526
165	1.5835	0.8634	39.3675	71.5535	37.6491	70.1118	34.0745	37.6185	39.1000	39.8035
166	1.6358	0.8594	39.4442	71.9254	37.7571	70.4858	34.0946	38.5667	38.8726	39.4947
167	1.4852	0.8807	38.3726	71.0372	37.5392	70.0444	34.5780	38.1109	38.9633	38.5048
168	1.4414	0.8330	40.9050	72.9839	38.5553	70.9462	34.5951	38.4728	40.4150	40.7384
169	1.5408	0.8327	40.6844	72.9602	38.4223	70.8584	34.0411	38.6713	40.5313	40.4455
170	1.5038	0.8279	41.3158	73.1639	38.9893	71.1191	34.8564	39.3415	40.3835	41.3758
171	1.3446	0.8302	41.4046	73.3019	39.0577	71.3980	34.1645	39.3122	41.0090	41.7452
172	1.4155	0.8374	41.1362	72.7489	38.8886	70.6453	34.7272	38.8725	40.8199	41.1348
173	1.4625	0.8383	40.8151	72.8127	38.5096	70.8436	33.7297	38.9666	40.7668	40.5753
174	1.3915	0.8270	41.4788	73.1969	39.3193	71.3410	35.2320	38.7810	41.2005	42.0638
175	1.3467	0.8298	41.3561	73.1418	39.0949	71.3074	35.0754	39.2581	40.8074	41.2388
176	1.4016	0.8248	41.6469	73.4014	39.4966	71.3808	35.5219	39.9178	41.0657	41.4810
177	1.4943	0.8340	41.2514	73.1110	39.1901	71.0518	35.2101	39.3118	40.8184	41.4202
178	1.3265	0.8180	42.1073	73.8551	39.7981	72.0179	35.7386	40.1965	41.4715	41.7859
179	1.4364	0.8182	42.1986	73.8179	40.0430	71.9367	35.7986	40.5105	41.9023	41.9605
180	1.2430	0.8166	42.3669	73.8122	39.9719	71.8156	35.7346	39.9718	41.9574	42.2237
181	1.4663	0.8283	41.7597	73.4240	39.8512	71.5130	36.1377	39.8839	41.4231	41.9600
182	1.4503	0.8297	41.6114	73.3723	39.6893	71.5672	36.1968	39.1368	41.4333	41.9901
183	1.4170	0.8240	41.8102	73.4958	39.6285	71.7873	35.7489	39.4081	41.5089	41.8481
184	1.5142	0.8309	41.5432	73.0929	39.3056	71.2353	35.3614	38.7520	41.3210	41.7880
185	1.3510	0.8110	42.5222	74.3620	40.0091	72.4504	35.8190	39.2757	42.4921	42.4495
186	1.3891	0.8194	42.0977	73.8859	40.2547	72.2094	36.4197	40.2229	42.2162	42.1599
187	1.5027	0.8348	41.6706	73.3267	39.8839	72.0030	36.4034	40.0134	41.5761	41.5429
188	1.3740	0.8252	42.0563	73.5684	39.8770	71.8040	35.5142	40.5791	41.4556	41.9591
189	1.3965	0.8350	41.4951	73.2818	39.8293	71.9687	35.5208	39.9571	41.7166	42.1228
190	1.3602	0.8299	41.7743	73.4906	40.1432	72.0830	36.6390	39.9442	41.7327	42.2568
191	1.5369	0.8450	40.9288	72.7318	39.4895	71.4212	36.3785	39.7109	40.4399	41.4286
192	1.3011	0.8269	41.5955	73.4760	40.2709	72.3015	36.8589	40.7694	41.7467	41.7088
193	1.3478	0.8358	41.4225	73.1677	39.9027	71.7772	36.1505	40.3069	41.1147	42.0386
194	1.3546	0.8199	42.3074	73.7045	40.1469	71.9680	36.0263	40.4566	41.9026	42.2022
195	1.2064	0.8059	42.7978	74.4328	40.3686	72.4200	36.0095	40.2511	42.0262	43.1878
196	1.4364	0.8098	42.6310	74.5054	40.3705	72.6709	35.8973	40.4731	41.9821	43.1296
197	1.2056	0.8025	42.9093	74.9845	40.6231	72.8975	36.7967	40.1655	41.8973	43.6329
198	1.3306	0.8150	42.5223	74.1611	40.4890	72.5314	36.8603	40.2849	41.8602	42.9506
199	1.3910	0.8107	42.7311	74.1442	40.4040	72.0727	36.6112	40.5015	41.7763	42.7272
200	1.5961	0.7940	43.4159	74.9223	40.9297	72.8737	36.9892	41.0276	42.1818	43.5202
201	1.5230	0.7878	43.8966	75.2159	41.4269	73.2192	37.2679	41.8280	42.5779	44.0337
202	1.5894	0.7835	44.0039	75.4823	41.4406	73.4156	36.8880	41.9461	42.7823	44.1462
203	1.5406	0.7806	44.1896	75.5203	41.5903	73.5031	37.1067	42.2995	43.0099	43.9452
204	1.4868	0.7781	44.2488	75.6926	41.5740	73.9059	36.6164	42.2147	43.1698	44.2952
205	1.5624	0.7800	44.2971	75.5833	41.6172	73.7378	36.8330	42.0593	43.3174	44.2591
206	1.5280	0.7755	44.4517	75.8230	41.9817	73.8614	37.4610	41.9594	43.6846	44.8219
207	1.4083	0.7717	44.6242	75.9290	41.9934	73.9712	37.1923	42.2274	43.8076	44.7461
208	1.5224	0.7755	44.6178	75.8403	42.2108	73.8617	37.7406	42.4381	43.8464	44.8181
209	1.3349	0.7737	44.7148	76.0335	42.0984	74.2903	37.4161	42.3455	44.0594	44.5725
210	1.3638	0.7705	44.9140	75.9834	42.2717	74.1366	37.9075	42.5307	43.7758	44.8727
211	1.4943	0.7713	44.8922	75.9521	42.2326	74.1897	37.6722	42.2264	43.7552	45.2767
212	1.5933	0.7739	44.6809	75.8189	42.0038	74.0447	37.3922	42.0093	43.7064	44.9072
213	1.4081	0.7685	45.0412	75.9838	42.5191	74.0722	37.9774	42.7353	44.0223	45.3414
214	1.4009	0.7677	45.0282	76.0981	42.5196	74.2375	37.8961	42.6779	44.3587	45.1455
215	1.3900	0.7698	44.9572	75.9957	42.4798	74.1548	37.9546	42.4896	44.2821	45.1929
216	1.4653	0.7700	44.9799	76.0429	42.5396	74.3038	38.1812	42.4442	44.3629	45.1701
217	1.5125	0.7735	44.8689	76.0559	42.5490	74.4262	38.5713	42.3250	44.4154	44.8842
218	1.5215	0.7700	45.0010	76.0976	42.5780	74.4313	38.2867	42.6306	44.0779	45.3169
219	1.3871	0.7647	45.3879	76.3048	43.0332	74.6308	38.9079	43.0912	44.5416	45.5922
220	1.4637	0.7677	45.1323	76.1154	42.8976	74.3728	39.2937	42.5704	44.1665	45.5597
221	1.3855	0.7664	45.0837	76.1438	42.6875	74.5195	38.7195	42.5625	43.7956	45.6724
222	1.3583	0.7616	45.5207	76.4727	42.9487	74.7560	39.1971	42.6717	44.1941	45.7320
223	1.3887	0.7656	45.1675	76.3312	42.8488	74.6437	38.8317	42.7608	44.2934	45.5091
224	1.3378	0.7605	45.4864	76.3508	43.0130	74.7317	38.5973	43.1603	44.5176	45.7767
225	1.4778	0.7702	44.7848	76.2670	42.7549	74.7129	39.1130	42.8664	43.9081	45.1319
226	1.3824	0.7662	45.2287	76.2883	42.9981	74.6673	38.7846	42.8220	44.6182	45.7676
227	1.2993	0.7671	45.2841	76.3398	43.0761	74.6272	39.0401	43.0560	44.4353	45.7731
228	1.3317	0.7633	45.6667	76.3746	43.2372	74.7147	38.8719	43.4240	44.5345	46.1185
229	1.3306	0.7624	45.5915	76.4523	43.1620	74.7127	38.8382	43.3486	44.7217	45.7394
230	1.3386	0.7625	45.5898	76.4919	43.0491	74.8295	38.7633	42.8914	44.5776	45.9641
231	1.2539	0.7581	45.9448	76.6769	43.2693	74.9777	38.4093	43.5349	44.7604	46.3728
232	1.4257	0.7643	45.4897	76.3735	43.1946	74.8042	38.9634	43.5862	44.2969	45.9319
233	1.3907	0.7702	45.2288	76.0705	43.1470	74.5168	39.4019	43.4875	44.0228	45.6757
234	1.2874	0.7633	45.6171	76.4912	43.2274	74.8311	39.0134	43.3220	44.5799	45.9943
235	1.4017	0.7686	45.6006	76.2378	43.2834	74.4100	38.9162	43.6276	44.6513	45.9385
236	1.2963	0.7670	45.3775	76.2412	43.1313	74.5457	39.4860	42.8888	44.7480	45.4023
237	1.3936	0.7654	45.5920	76.4375	43.3583	74.8317	39.4392	43.1914	44.8996	45.9031
238	1.4367	0.7675	45.2443	76.2914	43.0023	74.6357	38.9232	43.1354	44.3282	45.6226
239	1.3857	0.7679	45.3836	76.3723	43.1640	74.6394	39.0768	43.3832	44.5130	45.6828
240	1.2296	0.7613	45.8311	76.6192	43.4634	74.9951	39.3169	43.3521	45.0857	46.0988
241	1.3228	0.7647	45.7542	76.5175	43.4270	74.7904	39.3074	43.5935	44.9031	45.9041
242	1.2950	0.7630	45.7941	76.5070	43.3189	75.0106	38.9182	43.4975	44.9204	45.9394
243	1.1793	0.7597	46.0188	76.6657	43.6218	75.0508	39.4986	43.6893	44.9734	46.3259
244	1.4597	0.7679	45.4991	76.3146	43.2460	74.6885	38.9906	43.6309	44.8197	45.5427
245	1.1119	0.7634	45.7108	76.5186	43.2695	74.7558	38.8577	43.1970	44.8678	46.1554
246	1.2225	0.7638	45.6831	76.6926	43.4706	75.1292	39.4965	43.5062	44.7391	46.1405
247	1.3729	0.7639	45.7579	76.4858	43.3970	74.7769	39.3176	43.2972	44.7915	46.1818
248	1.3287	0.7635	45.7687	76.4976	43.3563	74.9178	38.6947	43.5034	44.8575	46.3696
249	1.3532	0.7698	45.4931	76.2668	43.2536	74.9445	38.7540	43.4509	44.5592	46.2505
250	1.3168	0.7678	45.5681	76.4748	43.3923	74.9443	39.1412	43.2284	44.9778	46.2219
251	1.4119	0.7692	45.5515	76.2213	43.3110	74.7497	39.2235	42.9732	44.8968	46.1506
252	1.3441	0.7710	45.2548	76.2585	43.0080	74.7727	38.9851	43.0997	44.3890	45.5582
253	1.2003	0.7654	45.7364	76.4729	43.3999	74.9861	39.3442	43.0342	44.8250	46.3963
254	1.2953	0.7631	45.9399	76.4036	43.5296	74.8830	39.1846	43.2892	45.1888	46.4559
255	1.4564	0.7702	45.6518	76.2310	43.3903	74.6838	39.0961	43.0798	44.9909	46.3947
256	1.2434	0.7625	45.8740	76.5847	43.5959	75.1160	39.3345	43.6130	44.9866	46.4494
257	1.3796	0.7686	45.6068	76.4874	43.3345	75.2025	39.2593	43.2249	44.6878	46.1660
258	1.4442	0.7727	45.5163	76.2935	43.2926	75.0508	38.9437	43.4457	45.0458	45.7352
259	1.3362	0.7647	45.7081	76.7309	43.4016	75.4897	38.8265	43.5580	44.8172	46.4047
260	1.3563	0.7678	45.5390	76.7052	43.3024	75.3249	38.7831	43.4528	44.8119	46.1617
261	1.2820	0.7673	45.5146	76.6526	43.2830	75.2067	38.8008	43.9002	44.8226	45.6083
262	1.2704	0.7661	45.7936	76.7445	43.5140	75.1272	39.6690	43.4198	44.6731	46.2940
263	1.3418	0.7685	45.6725	76.6232	43.3320	75.0442	39.1722	43.6827	44.6093	45.8637
264	1.2610	0.7632	45.8097	76.9065	43.3232	75.2491	39.3806	43.4368	44.5066	45.9686
265	1.0024	0.7590	46.2104	76.9430	43.7079	75.4037	39.3890	43.7661	45.1560	46.5206
266	1.2523	0.7661	45.7804	76.5768	43.4732	75.1670	39.3898	43.5259	44.7126	46.2646
267	1.2930	0.7672	45.6192	76.4992	43.3521	74.8311	39.7455	43.2698	44.4323	45.9606
268	1.3395	0.7668	45.6647	76.5438	43.4747	74.9306	39.6275	43.9007	44.5520	45.8184
269	1.3137	0.7711	45.5700	76.3822	43.4055	74.8539	39.2473	43.3765	44.6829	46.3153
270	1.3155	0.7665	45.7888	76.5339	43.6000	75.1362	39.5200	43.6048	44.6526	46.6226
271	1.3501	0.7569	46.4250	77.0589	44.1600	75.3514	40.1486	43.9540	45.3637	47.1736
272	1.2365	0.7586	46.4163	76.9094	44.1067	75.3313	40.1438	43.9276	45.0255	47.3299
273	1.3787	0.7643	45.8879	76.5264	43.6803	74.9799	40.1494	43.4577	44.7733	46.3408
274	1.1304	0.7554	46.5191	77.0958	44.1982	75.4457	40.5013	43.8273	45.4320	47.0322
275	1.2546	0.7553	46.4865	77.1486	44.2383	75.6609	40.4410	44.1370	45.2199	47.1553
276	1.1503	0.7540	46.4329	77.2083	44.0076	75.4627	39.7418	43.7837	45.3379	47.1669
277	1.1979	0.7575	46.3145	77.0372	44.0166	75.2504	39.7535	44.1442	45.3701	46.7986
278	1.0575	0.7556	46.3835	77.0661	44.0586	75.5715	39.9306	43.7636	45.6026	46.9376
279	1.1353	0.7619	46.0754	76.8523	43.6979	75.4590	39.9691	43.5360	44.7628	46.5236
280	1.1683	0.7540	46.5461	77.2646	44.1284	75.8076	40.2027	43.7674	45.5785	46.9650
281	1.2381	0.7617	46.0822	77.0056	43.8055	75.5178	39.8048	43.9494	44.6964	46.7714
282	1.2551	0.7652	45.8398	76.7996	43.7230	75.3255	39.9587	43.5953	44.8747	46.4632
283	0.9989	0.7630	46.1827	76.8948	43.8732	75.3035	39.9787	43.8148	44.9971	46.7023
284	1.2207	0.7609	46.2906	76.9056	44.1443	75.3891	40.8242	43.9921	45.1253	46.6357
285	1.0678	0.7567	46.3783	77.0712	44.0996	75.5563	40.4311	43.6865	45.3668	46.9141
286	1.3391	0.7691	45.8126	76.4561	43.8099	75.1286	40.2557	44.0106	44.6850	46.2882
287	1.3678	0.7825	44.9071	76.1237	43.1424	74.8925	39.8319	43.5380	44.3449	44.8548
288	1.1751	0.7633	46.0443	76.9096	43.6927	75.3685	39.6070	43.7497	45.2057	46.2082
289	1.3046	0.7665	45.8704	76.7501	43.7885	75.3038	40.2758	43.8794	44.8384	46.1606
290	1.1943	0.7607	46.2277	76.9494	44.0286	75.4203	40.5681	43.9277	45.2185	46.4001
291	1.2027	0.7626	46.1342	76.9364	44.0606	75.5313	40.9144	43.7653	44.9528	46.6097
292	1.0415	0.7611	46.2052	76.9256	43.9505	75.3403	40.6413	43.5855	45.0533	46.5217
293	1.1267	0.7603	46.3252	76.9213	43.9472	75.4238	40.5669	43.4810	45.2695	46.4713
294	1.1082	0.7556	46.6271	77.1783	44.2282	75.6382	40.7065	44.1358	45.2722	46.7982
295	1.2003	0.7584	46.6193	77.1749	44.3748	75.8217	40.5151	44.1842	45.8864	46.9135
296	1.1779	0.7606	46.4982	77.0532	44.1977	75.7083	40.3549	44.3201	45.3691	46.7468
297	1.1881	0.7599	46.3752	77.1893	44.1604	75.7902	40.4632	44.2325	45.4632	46.4828
298	1.2385	0.7584	46.4659	77.0214	44.3734	75.6448	40.3747	44.5419	45.8174	46.7595
299	1.1140	0.7563	46.6911	77.1359	44.3667	75.6464	40.0501	44.3002	45.9725	47.1441
300	1.1780	0.7577	46.5798	77.1558	44.2457	75.5876	39.8752	44.0719	45.8722	47.1634
301	1.1814	0.7605	46.3264	77.0224	44.0706	75.4711	40.1423	43.9354	45.5367	46.6682
302	1.2141	0.7586	46.3962	77.2858	44.0975	75.6787	40.2829	43.6953	45.4476	46.9639
303	1.3635	0.7679	45.8569	76.9260	43.9407	75.5616	40.0250	44.0077	45.5492	46.1809
304	1.2336	0.7665	46.2680	76.8921	44.1627	75.4667	40.7037	43.7663	45.4421	46.7389
305	1.1773	0.7586	46.5895	77.0251	44.3397	75.4505	40.7010	44.0126	45.8631	46.7821
306	1.1687	0.7611	46.3653	76.9223	43.9371	75.2944	39.7554	43.6934	45.6568	46.6430
307	1.2017	0.7597	46.4432	77.1141	44.0473	75.6057	40.0889	43.7792	45.4413	46.8797
308	1.1114	0.7626	46.3986	76.9131	43.9790	75.5792	39.9134	43.7081	45.6515	46.6428
309	1.1320	0.7580	46.5613	77.1108	44.2973	75.6654	40.8354	44.0884	45.3843	46.8812
310	1.1121	0.7628	46.4489	76.9419	44.2131	75.5358	40.5367	44.2607	45.4416	46.6133
311	1.1417	0.7605	46.5199	77.0088	44.2183	75.7210	40.3966	43.9355	45.7496	46.7915
312	1.1690	0.7623	46.5249	77.0554	44.1557	75.6598	40.6528	44.1217	45.2903	46.5578
313	1.1821	0.7620	46.4954	77.1360	44.0424	75.7529	40.0190	44.3187	45.4938	46.3380
314	1.0937	0.7573	46.7659	77.4272	44.2596	76.1040	40.0968	44.2952	45.7272	46.9191
315	1.1815	0.7595	46.6419	77.1172	44.3027	75.7422	40.2599	44.2892	45.7820	46.8798
316	1.0516	0.7564	46.7287	77.0048	44.4072	75.6410	40.6245	44.4057	45.4849	47.1136
317	1.1380	0.7565	46.7572	77.1518	44.3974	75.6505	40.7153	44.3467	45.6457	46.8817
318	1.1920	0.7585	46.5931	77.1578	44.3449	75.7890	40.9805	44.1074	45.5768	46.7149
319	1.0853	0.7563	46.7848	77.1740	44.4275	75.8133	40.4424	44.3200	45.9777	46.9698
320	1.2073	0.7582	46.5709	77.1467	44.3070	75.7827	40.6266	43.9030	45.8006	46.8979
321	1.1451	0.7581	46.6974	77.2232	44.4212	75.8755	40.4481	44.4667	45.7750	46.9951
322	1.0637	0.7578	46.8884	77.1595	44.6963	75.8307	41.1678	44.5581	46.3132	46.7461
323	1.0943	0.7612	46.6392	77.1985	44.3209	75.8777	40.2287	44.2891	45.7360	47.0299
324	1.0188	0.7517	47.1394	77.4350	44.6977	75.8698	40.8035	44.5146	46.6270	46.8459
325	1.1994	0.7603	46.6813	77.1195	44.4095	75.6245	40.6044	44.1613	45.9858	46.8866
326	1.0698	0.7561	46.8377	77.3239	44.5013	75.8054	41.0126	44.3861	45.6577	46.9488
327	1.0862	0.7576	46.9582	77.3374	44.7356	75.7800	41.3279	44.6402	46.0527	46.9216
328	1.0760	0.7601	46.7689	77.0411	44.4418	75.5755	40.4180	44.6144	46.0999	46.6349
329	1.2290	0.7719	46.1367	76.6930	44.0772	75.2898	40.7321	44.0165	45.2577	46.3023
330	1.1127	0.7601	47.0655	77.1446	44.7084	75.6837	41.2059	44.6652	45.8836	47.0789
331	1.0531	0.7579	46.8391	77.2817	44.3013	75.8345	40.3198	44.3192	45.3671	47.1991
332	1.0529	0.7639	46.5267	76.9731	44.1928	75.5044	40.5454	44.0584	45.6612	46.5063
333	1.0756	0.7632	46.4610	77.0823	44.1764	75.6956	40.6748	43.9922	45.2699	46.7686
334	1.0147	0.7619	46.6775	77.1522	44.2869	75.8056	40.4880	43.9696	45.5833	47.1067
335	1.1855	0.7610	46.5039	77.0432	44.1489	75.5843	40.2896	44.1208	45.8034	46.3820
336	1.1639	0.7607	46.5947	76.9357	44.2753	75.8146	40.8852	44.3878	45.3906	46.4375
337	1.0476	0.7523	47.1247	77.3650	44.8416	76.0914	41.2277	44.8545	46.1534	47.1306
338	1.2539	0.7626	46.8319	76.9466	44.5683	75.7588	41.0513	44.7130	45.7655	46.7434
339	1.1414	0.7535	46.9690	77.6402	44.5451	76.2675	41.2317	44.6496	45.7536	46.5456
340	1.1921	0.7535	47.2116	77.5015	44.9238	76.0179	41.5763	44.7149	46.2054	47.1985
341	1.0357	0.7616	46.6913	77.0557	44.3329	75.5277	40.8189	44.2691	45.4187	46.8248
342	1.1025	0.7518	47.1282	77.5068	44.8820	76.0193	41.7837	44.4135	46.2734	47.0576
343	1.2058	0.7533	47.0732	77.3180	44.8196	75.9461	41.7720	44.5197	46.2013	46.7853
344	1.1294	0.7533	47.2776	77.4567	45.0706	76.2622	41.9224	44.6038	46.5200	47.2362
345	1.1158	0.7577	46.7531	77.4031	44.4547	76.0557	40.4853	43.9752	46.2199	47.1385
346	1.0288	0.7528	46.9050	77.6501	44.5550	76.1295	41.0951	43.9061	46.2851	46.9337
347	1.1416	0.7587	46.8650	77.3888	44.7792	76.2042	41.6617	44.1662	46.5350	46.7537
348	0.9817	0.7546	47.0930	77.4988	44.6590	76.0634	40.6884	44.2040	46.6330	47.1109
349	1.0106	0.7478	47.4552	77.8013	45.0004	76.2813	41.4530	44.7621	46.4073	47.3792
350	1.0558	0.7539	47.1458	77.4833	44.6921	75.9977	40.7505	44.4605	46.5125	47.0450
351	0.9721	0.7511	47.2521	77.6255	44.7796	76.0471	40.6748	44.7404	46.1917	47.5116
352	1.0420	0.7532	47.1871	77.6087	44.8707	76.2197	40.7221	44.6884	46.6468	47.4253
353	1.0499	0.7525	47.3633	77.6374	44.8786	76.2340	40.7983	44.5961	46.6840	47.4362
354	1.1593	0.7574	47.0371	77.4739	44.8301	76.1745	41.1544	44.7957	46.4719	46.8982
355	1.1242	0.7532	47.0387	77.5562	44.5882	76.1950	40.2344	44.4633	46.2363	47.4189
356	1.0575	0.7527	47.0324	77.5021	44.7375	76.1539	41.4026	43.8743	46.0899	47.5831
357	1.0980	0.7570	46.9877	77.4171	44.7462	76.0229	41.3583	44.0452	46.5028	47.0785
358	1.1980	0.7627	46.4353	77.2204	44.6609	76.1536	41.7114	44.5105	45.8513	46.5705
359	1.1056	0.7615	46.8637	77.1867	44.9530	76.0111	41.9135	44.7468	46.3381	46.8134
360	1.1011	0.7499	47.3585	77.7485	45.0734	76.3972	41.7140	44.9450	46.4365	47.1983
361	1.1170	0.7647	46.6049	77.2805	44.6230	75.8635	40.9615	44.7630	45.9015	46.8659
362	1.0326	0.7594	46.9353	77.3703	44.7576	76.1080	41.2363	44.7404	46.3128	46.7408
363	1.0282	0.7501	47.3058	77.5712	45.1356	76.3269	41.8407	44.8845	46.2720	47.5453
364	1.0468	0.7564	47.2606	77.5242	44.9832	76.2283	41.1389	45.0434	46.3832	47.3673
365	1.0304	0.7492	47.5832	77.7594	45.3164	76.4928	42.1561	45.0290	46.5043	47.5761
366	1.1563	0.7567	47.1940	77.4156	45.1887	76.2532	42.2372	45.1000	46.6721	46.7456
367	1.0034	0.7480	47.4962	77.9042	45.1980	76.6318	41.4216	44.6292	47.3856	47.3556
368	0.8860	0.7468	47.7008	77.7650	45.3035	76.3972	41.4227	45.0744	47.2391	47.4779
369	1.0028	0.7517	47.4955	77.5115	45.2557	76.1635	41.4302	44.9950	47.1756	47.4221
370	0.9399	0.7504	47.4929	77.7191	45.2724	76.1586	41.5438	45.1055	47.0200	47.4204
371	1.0206	0.7491	47.4317	77.9069	45.2723	76.5039	41.9112	45.0366	46.9412	47.2000
372	1.1540	0.7525	47.4239	77.7019	45.1881	76.5695	41.7349	44.6502	47.0083	47.3590
373	1.0841	0.7547	47.2248	77.6845	44.8773	76.2689	41.1315	44.5167	46.8298	47.0311
374	0.9766	0.7553	47.2617	77.5691	45.0286	76.1800	41.6672	44.7798	46.6640	47.0033
375	0.9964	0.7512	47.5458	77.7112	45.3064	76.3102	41.9680	44.7774	46.8667	47.6136
376	1.0652	0.7507	47.4656	77.7887	45.1837	76.5192	41.6624	45.1042	46.2460	47.7221
377	1.1186	0.7562	47.1902	77.4852	45.2906	76.4003	42.2253	45.1790	46.7002	47.0580
378	1.1038	0.7518	47.3493	77.6207	45.1883	76.2949	41.1076	45.4829	46.7287	47.4342
379	1.0555	0.7547	47.0106	77.5941	44.9018	76.3290	40.7923	44.9361	46.5069	47.3719
380	1.0271	0.7576	47.1173	77.3747	45.0872	76.1110	41.0104	45.2090	46.6484	47.4809
381	1.0062	0.7559	47.1376	77.5579	44.9571	76.3815	40.6229	45.1258	47.0475	47.0324
382	1.0178	0.7570	47.2354	77.5605	45.1206	76.2302	41.1293	45.4928	46.8793	46.9812
383	0.9746	0.7526	47.3909	77.6426	45.2065	76.4696	41.1904	45.1561	47.0255	47.4540
384	0.9898	0.7545	47.1827	77.6240	44.9648	76.5107	40.8931	44.9836	47.0645	46.9182
385	0.9296	0.7526	47.5695	77.7095	45.2631	76.3490	41.4967	45.0600	47.0921	47.4037
386	0.9933	0.7541	47.4867	77.5715	45.3149	76.4518	41.5558	45.4029	47.0200	47.2808
387	1.0881	0.7568	47.1875	77.6238	44.9736	76.2629	41.2024	44.8057	46.5556	47.3306
388	1.0053	0.7501	47.7461	77.9287	45.7251	76.6119	42.4583	45.8819	46.9345	47.6257
389	0.9806	0.7547	47.4045	77.7291	45.3405	76.4710	41.9357	45.0496	46.8309	47.5457
390	1.0435	0.7483	47.7173	77.8442	45.5858	76.7362	42.3319	45.1729	47.4626	47.3759
391	1.0632	0.7579	47.3390	77.5332	45.0225	76.1749	41.5775	44.5422	46.6938	47.2764
392	1.0291	0.7547	47.7951	77.8023	45.6881	76.6519	42.4236	45.3664	47.3789	47.5835
393	0.9137	0.7469	48.0274	78.0042	45.8464	76.7737	42.9217	45.3537	47.4902	47.6199
394	1.0934	0.7471	47.8628	78.0261	45.7347	76.8559	42.6429	45.4830	47.1783	47.6344
395	1.0119	0.7415	48.2980	78.1851	45.9956	76.9827	42.4891	45.9211	47.3746	48.1977
396	1.0301	0.7453	47.9804	78.1777	45.7077	76.8790	42.1597	45.1564	47.6103	47.9043
397	1.1020	0.7494	47.7875	77.9937	45.6365	76.7655	42.1065	45.3405	47.5010	47.5979
398	0.9766	0.7497	47.7076	77.9564	45.3756	76.7686	41.1881	45.3304	47.2325	47.7513
399	1.1455	0.7529	47.3684	77.8843	45.2486	76.8209	41.2529	45.4344	46.5599	47.7474
0	4.5015	1.7122	0.9962	5.2375	0.9982	5.1989	0.9680	1.0254	1.1314	0.8680
0	4.4766	1.7122	1.1034	5.4585	0.9988	5.6060	0.7315	0.8309	1.2115	1.2212
0	4.4933	1.7095	1.1337	5.3943	1.0763	5.2111	1.0958	1.0563	1.1332	1.0198
0	4.4982	1.7135	1.0644	5.0289	1.1742	4.9740	1.5686	1.0068	1.0082	1.1131
0	4.4883	1.7161	1.1188	5.2718	1.1064	5.1797	1.3325	1.0258	0.9598	1.1076
0	4.4822	1.7103	0.9090	4.8020	0.8158	4.6737	0.8047	0.8499	0.7324	0.8761
1	4.4152	1.6799	1.8945	8.4718	2.1201	8.9091	2.3827	2.3162	1.8246	1.9569
0	4.5052	1.7107	0.9915	5.1912	0.9918	5.4132	0.9519	0.9502	1.1602	0.9050
1	4.4478	1.6980	1.4664	6.4266	1.5334	6.5531	1.7347	1.3662	1.7703	1.2624
2	4.3182	1.6751	2.2074	9.4169	2.4182	10.8827	2.7500	2.4614	2.2104	2.2511
3	4.2615	1.5938	3.8501	16.0896	3.7743	15.8442	3.4920	3.6650	3.9394	4.0009
4	4.1830	1.5629	4.6285	18.8306	4.3354	18.2649	3.7272	3.9800	4.8162	4.8184
5	4.1339	1.5455	5.0203	20.4380	4.6049	19.6760	4.5223	4.5011	4.5539	4.8422
6	4.1003	1.5290	5.6436	21.2368	5.4673	21.2148	5.7736	5.1138	5.0473	5.9344
7	4.0423	1.5122	6.0143	22.7928	5.7620	22.5291	5.7407	5.5748	5.8354	5.8970
8	4.0194	1.4976	7.1204	24.4472	6.5683	23.8471	6.4381	6.1415	6.3523	7.3414
9	3.9778	1.5027	6.7548	24.4055	6.5754	24.4601	6.6308	6.5806	6.6574	6.4326
10	3.9381	1.4721	7.6625	26.7985	7.1380	25.9424	6.7920	7.1276	7.3089	7.3234
11	3.9420	1.4856	7.5161	26.1393	7.1332	26.1053	6.7886	7.0556	7.2410	7.4475
12	3.8676	1.4678	8.0974	27.4329	7.7866	27.7431	7.7240	7.8969	7.8008	7.7246
13	3.8629	1.4438	9.0342	29.4924	8.3570	28.7647	7.8767	8.8992	8.2510	8.4012
14	3.7845	1.4306	9.5888	30.3406	9.0133	29.4951	8.7182	8.9511	9.5689	8.8150
15	3.7938	1.4199	10.1748	31.4132	9.3873	30.1179	8.7120	9.4146	10.0680	9.3547
16	3.7924	1.4250	10.1108	31.0016	9.4916	30.4790	8.7530	9.4078	10.0585	9.7469
17	3.7460	1.4327	9.9206	30.9528	9.7973	31.3401	9.8303	9.8122	9.9972	9.5494
18	3.7514	1.3927	11.4892	33.2276	10.5201	32.0279	9.9158	10.5834	10.4583	11.1226
19	3.7028	1.3905	11.5873	33.6353	10.8612	32.9627	10.4533	10.6989	11.2732	11.0196
20	3.6268	1.3673	12.5983	35.7194	11.6964	34.2451	11.2090	11.3537	11.9775	12.2454
21	3.6300	1.3687	12.6196	35.5992	11.7098	34.2904	10.9355	11.6057	12.3969	11.9010
22	3.6663	1.3794	12.2213	35.0568	11.5349	34.0988	10.4846	11.6955	11.8562	12.1035
23	3.6136	1.3500	13.6701	37.4589	12.8239	35.8157	12.3112	12.4653	12.8988	13.6203
24	3.5751	1.3389	13.4865	37.8429	12.4555	36.0657	11.6990	12.4046	12.5193	13.1990
25	3.6444	1.3662	12.5309	36.3239	12.1755	35.9127	11.7004	11.7198	12.5445	12.7372
26	3.5240	1.3475	13.5211	38.2078	12.8299	37.2220	12.4296	12.5873	13.2844	13.0184
27	3.5311	1.3388	13.9726	38.6628	13.5476	37.9954	13.2260	13.4416	13.7597	13.7629
28	3.5217	1.3141	14.8357	40.2599	14.0145	38.6027	13.1268	13.9748	14.4385	14.5179
29	3.4382	1.3026	15.4692	41.2729	14.5106	39.5225	13.9388	14.1897	15.0313	14.8826
30	3.5697	1.3150	14.7788	40.5606	14.1476	39.3272	13.1437	14.2470	14.0346	15.1652
31	3.4688	1.3014	15.6003	41.3206	14.6712	40.3453	13.6164	14.4022	15.1777	15.4885
32	3.3962	1.2790	16.7856	42.9824	15.8518	41.6074	14.3070	16.0053	16.4498	16.6453
33	3.4385	1.2786	16.3705	42.9319	15.5252	41.3060	14.3365	15.6223	15.9808	16.1612
34	3.3462	1.2606	18.0921	44.4242	17.0224	42.4754	15.5082	17.0553	17.5322	17.9937
35	3.3739	1.2712	17.4500	44.0623	16.6668	42.8887	15.6592	16.8138	17.0012	17.1929
36	3.3651	1.2728	17.3178	43.8882	16.7887	43.4267	15.9488	16.6998	17.3381	17.1681
37	3.3385	1.2488	18.2719	45.2453	17.6267	44.4436	16.2625	17.7412	18.3585	18.1446
38	3.2701	1.2276	18.9446	47.4156	17.5842	45.7320	15.7068	17.5321	18.5851	18.5130
39	3.2766	1.2216	19.4326	47.5406	18.7353	45.9440	18.1094	18.3715	19.3205	19.1396
40	3.2586	1.2526	18.4652	46.3940	18.2118	46.3919	17.1074	18.7864	19.1296	17.8238
41	3.2373	1.2313	18.9567	46.5587	18.4665	46.2065	16.9799	18.2670	19.4444	19.1748
42	3.1008	1.1890	20.9415	49.5319	19.8813	48.1943	18.1282	20.0081	20.6481	20.7409
43	3.1220	1.1984	20.1674	49.3124	19.3478	48.3548	17.5793	19.3762	19.8468	20.5891
44	3.0771	1.1983	20.5720	49.1924	20.3076	48.9654	18.2164	21.1280	21.2998	20.5863
45	3.1257	1.2110	20.2000	49.0306	19.5777	48.2322	17.1658	20.6098	20.2066	20.3285
46	3.1135	1.1855	20.8852	50.5500	19.8255	49.3970	17.4828	19.9967	20.6194	21.2031
47	3.0130	1.1617	22.4408	51.5308	21.2321	49.9656	19.3616	20.7226	22.3043	22.5400
48	3.0704	1.1937	21.2765	50.2976	21.1939	49.8115	19.6608	21.7694	22.1272	21.2183
49	3.0301	1.1619	22.1328	51.9429	21.4711	50.7812	20.0909	21.5311	21.9471	22.3154
50	3.0563	1.1830	21.4454	50.7826	21.3475	50.7879	20.0286	21.6039	22.0739	21.6837
51	2.9820	1.1732	21.7954	51.1719	21.6950	51.4387	20.6504	22.1501	21.7512	22.2282
52	3.0575	1.1403	23.1459	53.5378	22.1698	52.2662	20.2116	22.8503	22.3175	23.2997
53	2.9911	1.1631	22.4774	52.0570	22.4536	52.2902	20.8094	22.9100	23.3765	22.7182
54	2.8983	1.1318	23.7857	53.9962	22.7628	52.8634	20.7045	23.3103	23.0808	23.9554
55	2.8664	1.1327	23.7638	53.8729	22.8107	52.9990	21.3960	22.7333	23.2309	23.8824
56	2.9389	1.1193	24.2082	54.5725	23.0130	53.0174	20.7405	23.6793	23.6696	23.9625
57	2.9305	1.1415	23.6687	53.5956	22.9633	52.6150	20.9792	23.7442	23.5595	23.5701
58	2.8124	1.1435	23.6154	53.5954	23.3399	53.5730	21.4390	23.6904	24.4950	23.7351
59	2.8304	1.1150	24.3987	55.3540	23.4578	53.7642	21.1632	23.7824	24.2865	24.5992
60	2.7693	1.1063	25.0515	55.9010	23.9604	54.2556	22.3324	23.5788	24.8332	25.0974
61	3.0385	1.1211	24.0519	54.8792	22.8946	53.2328	20.4686	23.2860	23.7144	24.1096
62	2.8839	1.0978	25.5945	56.0408	24.0706	54.1025	21.4402	24.4918	24.8370	25.5134
63	2.6660	1.0795	26.5521	57.5467	25.0040	55.3549	23.1618	25.2892	25.2124	26.3525
64	2.7629	1.0834	26.1519	57.4277	24.4764	55.5294	22.3345	24.2028	25.0495	26.3189
65	2.8727	1.1207	24.9822	54.9833	23.9101	53.6218	22.0324	24.2727	24.4021	24.9334
66	2.7750	1.1102	25.1095	55.8509	23.9566	54.1282	22.0608	24.2943	24.2922	25.1790
67	2.7856	1.0887	26.1662	57.0004	24.6822	54.9767	22.1645	24.9451	25.1801	26.4390
68	2.7880	1.0887	25.7789	57.0619	24.3746	55.1773	21.5604	24.7081	25.0396	26.1902
69	2.9175	1.0988	25.4412	56.7613	24.4915	55.3995	22.2280	24.6433	25.2843	25.8105
70	2.8702	1.1008	25.0431	56.0743	24.2537	55.0734	21.9398	25.0542	24.7999	25.2210
71	2.7632	1.0800	26.4228	57.8980	24.8182	56.4914	21.6022	25.0252	26.1145	26.5307
72	2.7645	1.0925	25.8802	57.1847	24.8682	55.7241	22.2776	25.5444	25.9704	25.6803
73	2.7114	1.0820	26.4107	57.8338	25.3548	56.7175	22.6273	25.8511	26.5659	26.3749
74	2.7549	1.0946	26.0798	56.8078	24.9327	55.6235	22.4367	24.8572	25.8909	26.5460
75	2.7708	1.0660	27.0390	58.6047	25.2700	56.8462	21.6272	25.4053	26.8258	27.2217
76	2.7712	1.1201	25.0610	55.8195	24.7068	55.5946	22.1711	25.6024	25.9787	25.0752
77	2.7793	1.0837	26.0607	57.8820	24.7219	56.1602	21.6147	25.0547	25.4533	26.7650
78	2.7663	1.0662	27.0967	58.4862	25.5444	56.6233	23.0241	25.4463	26.4575	27.2496
79	2.7009	1.0667	27.1578	58.6602	25.7884	56.9082	23.1415	26.3727	26.0865	27.5529
80	2.6137	1.0514	28.1783	59.5015	26.5260	57.7493	23.6201	26.7737	27.2069	28.5033
81	2.7128	1.0635	27.5065	58.8563	25.8363	56.6550	22.9774	26.2745	26.5581	27.5351
82	2.8637	1.0873	26.0110	57.4950	24.5926	55.9592	21.8191	24.8526	25.5405	26.1583
83	2.6473	1.0664	27.3063	58.7739	25.9105	57.2045	22.4517	26.5578	27.2496	27.3827
84	2.6714	1.0748	27.0213	58.2777	26.0809	57.2053	23.3227	25.9817	27.6787	27.3407
85	2.7791	1.1278	24.6549	55.3331	24.6029	55.1807	23.0834	26.0544	24.4071	24.8667
86	2.7322	1.0698	26.8211	58.5975	25.8952	57.1456	23.8660	26.6517	26.8353	26.2278
87	2.6369	1.0931	26.6097	57.7692	26.1031	57.3752	24.0407	25.5820	27.5696	27.2201
88	2.8393	1.0800	26.7645	58.1022	25.8888	57.2933	22.9082	26.6742	26.8752	27.0976
89	2.7594	1.0840	26.3855	57.6498	25.5922	56.6719	23.2257	25.6478	26.7360	26.7593
90	2.7165	1.0720	26.6910	58.1734	25.5792	57.0802	22.3404	26.0333	26.5309	27.4119
91	2.6428	1.0587	27.7822	59.4283	26.9331	58.3731	23.8974	27.2226	27.9697	28.6426
92	2.6826	1.0563	27.5734	59.5443	26.8937	58.3605	24.4844	27.4580	27.7508	27.8815
93	2.6101	1.0341	28.9459	60.8237	27.0719	58.9937	23.0806	27.5912	28.3391	29.2769
94	2.7968	1.0757	26.8101	58.5414	25.7688	57.3260	23.1762	26.1416	26.7822	26.9751
95	2.6649	1.0389	28.8619	60.3608	27.0283	58.3702	23.5033	27.0427	28.5672	28.9997
96	2.7490	1.0588	27.6249	59.3302	26.4523	57.5798	24.4588	26.9146	26.5892	27.8467
97	2.6799	1.0584	27.6722	59.2860	26.2856	57.4832	23.0255	26.0983	28.0152	28.0035
98	2.4475	1.0412	28.8001	60.2621	27.2802	58.7023	24.1712	27.2851	28.3357	29.3290
99	2.5920	1.0436	28.8510	59.9331	27.3683	58.0921	23.7033	27.7336	28.6873	29.3489
100	2.4664	0.9981	30.8287	62.7564	29.0764	60.4504	24.8632	30.0347	30.1600	31.2477
101	2.2774	0.9839	31.5940	63.7771	29.5682	61.2465	25.0639	30.3243	30.7060	32.1786
102	2.2323	0.9719	32.2892	64.4229	30.0856	61.8854	25.3884	30.7465	31.5714	32.6361
103	2.2722	0.9671	32.4526	64.8778	30.3287	62.1455	25.5953	30.6985	31.9727	33.0482
104	2.1990	0.9603	32.8918	65.2512	30.7445	62.5917	26.1574	30.9322	32.5869	33.3016
105	2.1546	0.9508	33.5979	65.8435	31.2766	63.2309	26.5746	31.7291	32.9085	33.8943
106	2.0658	0.9506	33.5806	65.9520	31.2877	63.4955	26.7121	31.5134	33.1899	33.7354
107	2.2183	0.9479	33.6357	66.0605	31.3954	63.4318	26.6655	31.6550	33.3023	33.9587
108	2.0749	0.9414	34.1875	66.3025	31.8255	63.7217	27.5356	32.2133	33.3293	34.2238
109	2.0398	0.9363	34.6213	66.6285	31.9747	63.8526	26.6645	32.3367	33.7878	35.1099
110	2.1745	0.9376	34.4985	66.8241	32.1543	64.2759	27.7655	33.0842	33.4379	34.3296
111	2.0279	0.9308	34.9348	67.0530	32.4878	64.6871	27.5416	32.7408	34.5283	35.1403
112	2.0933	0.9335	34.8402	66.9009	32.5570	64.7375	28.4005	32.7761	34.2956	34.7560
113	1.8941	0.9213	35.2718	67.6907	32.7599	65.1830	28.0029	32.9730	34.7136	35.3502
114	1.9908	0.9174	35.8634	67.9034	33.4577	65.4944	28.3938	33.9787	35.4628	35.9954
115	2.0018	0.9150	35.7352	68.1982	33.6889	65.8810	28.8734	34.0817	35.4100	36.3905
116	1.8853	0.9161	35.9583	68.0502	33.6732	65.6764	28.6704	34.4762	35.6255	35.9206
117	1.8360	0.9164	36.0721	68.1763	33.7918	65.6743	28.5142	34.4976	36.0877	36.0677
118	2.0500	0.9337	35.2119	67.2220	33.3156	65.3633	28.6979	33.8025	35.0067	35.7552
119	1.7284	0.9064	36.8057	68.5814	34.4204	66.0569	29.5294	34.7814	36.5341	36.8366
120	1.9362	0.9202	36.0694	67.9687	33.9496	65.9743	29.3459	34.2125	36.0533	36.1866
121	1.9595	0.9246	35.5258	67.8207	33.5585	66.0054	28.8596	34.3924	35.3608	35.6213
122	1.9239	0.9162	36.1808	68.4650	34.1662	66.6553	29.6992	34.7952	35.9710	36.1994
123	1.9349	0.9057	37.0038	68.7641	34.6644	66.5850	30.0849	35.0398	36.4587	37.0742
124	1.9400	0.9055	36.7149	68.7112	34.2555	66.4421	29.2322	34.5965	36.4076	36.7857
125	1.7529	0.8991	37.1999	69.1895	34.3947	66.8294	29.1960	34.9186	35.9694	37.4948
126	1.8815	0.9127	36.6403	68.4245	34.3234	66.2617	29.6622	34.3047	36.1711	37.1557
127	1.7204	0.9044	36.7635	69.0649	34.5467	66.9495	29.8470	35.0076	36.2887	37.0436
128	1.8200	0.8936	37.4734	69.8015	34.9392	67.8396	30.0831	35.2531	36.5641	37.8565
129	1.8158	0.9052	36.9816	69.0531	34.9044	67.3126	30.5289	35.1036	36.9360	37.0491
130	1.8398	0.9032	36.9210	69.3209	34.9572	67.3711	30.4637	35.5285	36.4340	37.4024
131	1.7724	0.8912	37.5246	69.7224	34.9890	67.3782	29.7613	35.0464	37.0184	38.1300
132	1.7666	0.8921	37.5390	69.4830	34.7165	67.1428	29.5637	34.8028	36.5452	37.9543
133	1.9927	0.9036	36.6437	69.0128	34.4087	67.2434	30.0281	34.9884	36.3926	36.2255
134	1.7221	0.8972	37.4600	69.4141	35.1157	67.6043	29.8667	36.3027	37.0112	37.2823
135	1.8200	0.8856	37.7930	70.0292	35.2426	68.0744	30.2818	35.5728	37.3421	37.7737
136	1.7838	0.8839	37.7491	70.1102	35.2590	68.0608	29.8166	35.7128	37.0776	38.4291
137	1.7611	0.9011	37.2274	69.3066	35.2787	67.9280	30.6720	35.6071	37.3039	37.5317
138	1.6369	0.8750	38.3584	70.5577	35.5757	68.5024	30.3227	35.3737	37.8038	38.8025
139	1.7023	0.8841	37.9473	70.1458	35.4148	67.9937	30.6076	35.4874	37.4957	38.0684
140	1.8546	0.8931	37.3081	69.9801	35.2575	68.3906	31.1844	35.2638	37.0564	37.5257
141	1.6217	0.8714	38.6439	70.7315	36.2239	68.6934	32.0626	36.2904	38.0587	38.4840
142	1.6969	0.8574	39.3643	71.4973	36.8667	69.4309	32.2366	36.7365	38.6482	39.8456
143	1.6899	0.8688	38.8022	70.9631	36.4512	68.9883	32.4190	36.2466	38.0541	39.0853
144	1.6649	0.8661	38.8554	71.0557	36.3631	68.9796	31.5229	36.4655	38.4825	38.9815
145	1.6258	0.8754	38.5976	70.8514	36.1475	68.9987	31.6863	35.6662	38.5000	38.7375
146	1.6245	0.8737	38.5810	70.7911	36.3349	68.9420	31.3788	36.5969	38.7358	38.6280
147	1.7522	0.8800	38.0491	70.5628	35.9403	68.9291	31.2988	35.9031	38.0324	38.5267
148	1.6176	0.8745	38.4289	70.9457	36.4642	69.1974	32.6775	36.7421	37.9523	38.4850
149	1.5342	0.8562	39.6559	71.7482	37.0905	69.7463	32.7667	36.5364	39.3932	39.6656
150	1.5640	0.8653	38.9606	71.2173	36.6488	69.2578	32.0083	36.8815	38.4797	39.2258
151	1.6616	0.8702	38.6692	71.0405	36.2605	68.8335	31.2497	36.1145	38.5731	39.1047
152	1.5083	0.8555	39.5779	71.8246	36.8401	69.5517	32.0019	36.5075	39.0642	39.7867
153	1.6351	0.8636	38.8065	71.4614	36.4346	69.5331	31.7147	36.2182	38.5536	39.2520
154	1.7422	0.8619	39.3216	71.5076	36.7999	69.6970	32.1277	36.9477	38.6044	39.5197
155	1.7501	0.8606	39.5653	71.5271	37.1079	69.5805	32.1327	36.7248	39.0758	40.4982
156	1.6885	0.8533	39.6287	71.8544	37.3332	69.8407	32.8083	37.5098	39.2948	39.7198
157	1.7891	0.8750	38.7270	70.9200	36.6482	69.3511	31.9928	36.6459	38.8378	39.1162
158	1.4691	0.8503	39.9490	72.0062	37.1395	69.8660	31.7753	37.1736	39.3304	40.2785
159	1.6278	0.8667	39.2204	71.4543	37.0539	69.9526	32.3632	36.9418	39.6897	39.2208
160	1.5872	0.8396	40.8332	72.4042	38.0591	70.3767	32.6419	38.1380	40.7735	40.6830
161	1.5520	0.8541	39.8875	71.9942	37.9216	70.4183	33.1978	37.7302	40.8949	39.8636
162	1.8006	0.8492	40.1409	72.1808	37.6777	70.3476	33.0320	37.4731	39.4388	40.7670
163	1.7128	0.8476	39.8214	72.5371	37.7813	70.7011	33.0257	38.2768	39.3096	40.5131
164	1.6169	0.8484	40.0416	72.4911	37.6095	70.6564	32.5152	37.9099	39.7148	40.2981
165	1.6568	0.8616	39.4024	71.7835	37.4327	70.1248	32.7294	37.4178	39.6340	39.9497
166	1.7235	0.8606	39.6097	71.7623	37.2531	70.2770	32.5495	37.2339	38.9494	40.2794
167	1.5443	0.8801	38.3134	70.8062	36.8721	69.9524	32.7098	37.5059	38.5764	38.6962
168	1.5119	0.8338	41.0280	73.1224	38.5906	71.1709	33.8631	38.2421	40.5331	41.7240
169	1.6145	0.8407	40.7643	72.6428	38.3836	70.8837	33.8629	37.8548	40.5828	41.2337
170	1.6050	0.8240	41.3537	73.4089	38.6743	71.5185	33.4710	38.6281	41.0873	41.5108
171	1.4162	0.8339	41.4204	73.1354	38.7822	71.2492	33.6931	38.3371	41.0998	41.9986
172	1.4904	0.8390	41.0030	72.6941	38.7148	71.0073	33.8370	38.3762	41.0649	41.5810
173	1.5478	0.8423	40.7158	72.6482	38.2883	70.6925	33.8781	37.3966	40.3707	41.5076
174	1.4793	0.8308	41.1563	73.2479	38.5553	71.2629	33.6369	38.6094	40.5748	41.4001
175	1.4323	0.8274	41.4639	73.3954	39.0808	71.4807	34.3471	39.3032	41.0465	41.6263
176	1.5019	0.8144	42.1616	73.9760	39.7190	71.9336	35.0424	39.7835	41.7804	42.2695
177	1.5831	0.8338	41.1656	73.1323	38.7176	71.3350	34.1620	38.7397	40.4220	41.5466
178	1.3983	0.8198	42.0537	73.6294	39.6273	71.7477	35.5200	38.9283	41.7588	42.3022
179	1.5138	0.8238	41.7425	73.5323	39.2673	71.7632	34.3075	39.3670	41.0789	42.3157
180	1.2987	0.8133	42.4362	74.0588	39.6869	71.7080	34.4157	40.1402	41.5166	42.6750
181	1.5488	0.8263	41.6198	73.6491	38.9172	71.4755	33.5995	39.3127	41.0849	41.6717
182	1.5668	0.8266	41.5044	73.6146	39.1061	71.6552	34.3928	39.2892	41.2214	41.5209
183	1.5015	0.8222	41.7311	73.7417	39.0969	71.8783	34.3220	39.1578	40.9955	41.9124
184	1.6351	0.8225	41.6873	73.8338	39.0240	71.7634	34.1103	38.4558	41.3167	42.2130
185	1.4461	0.8060	42.6388	74.6310	39.7108	72.5105	34.8919	39.0760	41.6974	43.1780
186	1.4620	0.8216	41.8292	73.8979	39.4447	72.2669	34.2710	39.4301	41.7969	42.2809
187	1.6084	0.8304	41.6765	73.4689	39.4885	72.1919	35.0503	39.2563	41.5813	42.0661
188	1.4910	0.8120	42.6298	74.3076	39.9783	72.3315	35.0541	39.7373	42.2105	42.9113
189	1.4663	0.8300	41.5122	73.6504	39.1793	71.7795	33.8961	39.3860	41.4540	41.9810
190	1.4422	0.8263	41.6151	73.8116	39.5142	72.1521	34.4950	39.4349	41.3483	42.7787
191	1.6401	0.8359	41.1582	73.3088	39.1654	71.8279	34.6858	38.9570	41.2004	41.8182
192	1.3690	0.8260	41.9347	73.8218	39.8966	72.1097	34.9374	40.3365	42.0372	42.2752
193	1.4413	0.8288	42.1453	73.6486	40.0061	72.0213	35.1361	40.0533	42.2008	42.6342
194	1.4448	0.8174	42.2798	74.1065	39.8208	72.2241	34.6622	40.0120	41.8262	42.7828
195	1.2606	0.7985	43.2055	74.8947	40.4837	72.8665	35.3079	40.1897	42.9547	43.4826
196	1.5346	0.8048	43.0267	74.6518	40.4377	72.7820	35.8694	39.6533	42.9617	43.2663
197	1.2778	0.7939	43.3518	75.1677	40.5332	72.8791	35.2653	40.2441	42.7305	43.8929
198	1.4115	0.8052	43.0684	74.9194	40.3340	72.7138	34.9718	40.2370	42.3237	43.8033
199	1.4730	0.7987	43.4226	74.9263	40.7610	72.8729	36.0771	40.3041	42.8577	43.8053
200	1.6739	0.7823	44.2268	75.6702	41.4746	73.4278	36.5193	41.0448	43.6462	44.6881
201	1.5981	0.7761	44.5426	75.9013	41.7689	73.6856	36.9795	41.0792	44.2856	44.7315
202	1.6593	0.7737	44.5857	75.9839	41.7105	73.6813	36.6515	41.3086	43.8845	44.9974
203	1.6126	0.7714	44.9184	75.9817	41.7798	73.6465	36.2162	41.3724	43.9180	45.6128
204	1.5570	0.7711	44.6961	76.1290	41.5967	73.8008	36.3818	40.9539	43.5890	45.4621
205	1.6418	0.7713	44.7455	76.1635	41.7577	73.9076	36.6767	40.6119	44.2517	45.4905
206	1.5935	0.7680	45.0117	76.2979	42.0867	74.0186	36.9731	41.2674	44.3080	45.7982
207	1.4874	0.7635	45.2537	76.4205	42.2750	74.1455	37.2391	41.3151	44.7202	45.8256
208	1.5877	0.7656	45.1719	76.4263	42.1032	74.3097	36.9686	41.1159	44.2514	46.0768
209	1.3955	0.7641	45.1649	76.4770	42.2905	74.2339	37.5037	41.5073	44.3120	45.8388
210	1.4192	0.7629	45.1065	76.6041	42.0605	74.4082	36.8071	41.1314	44.3532	45.9505
211	1.5798	0.7649	45.1144	76.4069	42.2266	74.1722	37.1201	41.2873	44.6482	45.8509
212	1.6710	0.7692	44.9531	76.2235	42.2751	74.0247	37.4312	41.6200	44.2679	45.7812
213	1.4736	0.7671	45.1385	76.3487	42.2461	74.1457	37.2558	41.5245	44.2890	45.9149
214	1.4701	0.7654	45.1361	76.5723	42.3835	74.4505	37.1775	41.6130	44.5549	46.1884
215	1.4603	0.7655	45.2510	76.4049	42.3761	74.3360	37.2966	41.1621	44.7824	46.2633
216	1.5309	0.7669	45.2257	76.4575	42.4018	74.2901	37.3483	41.3668	44.5018	46.3903
217	1.5849	0.7658	45.1349	76.4721	42.2823	74.2492	36.9369	41.5235	44.6460	46.0228
218	1.5862	0.7639	45.2066	76.6222	42.3238	74.3717	37.2594	41.6029	44.3864	46.0466
219	1.4506	0.7584	45.6712	76.7884	42.8727	74.5571	37.7568	41.9208	45.2675	46.5458
220	1.5315	0.7646	45.3856	76.4453	42.4706	74.3204	37.5812	41.4764	44.7036	46.1214
221	1.4552	0.7613	45.3852	76.7753	42.5081	74.7188	37.6753	41.5989	44.8342	45.9241
222	1.4180	0.7569	45.7544	76.9284	42.8486	74.8266	38.0009	41.7359	45.0722	46.5854
223	1.4524	0.7625	45.4900	76.5830	42.6522	74.6510	38.0861	41.5021	44.6724	46.3484
224	1.3969	0.7581	45.6251	76.8907	42.7393	74.8587	37.7899	41.7465	44.6081	46.8127
225	1.5490	0.7662	45.2960	76.5155	42.7092	74.6063	38.3845	41.6903	44.7127	46.0494
226	1.4323	0.7661	45.3983	76.5735	42.5833	74.4947	38.3012	41.3524	44.7562	45.9235
227	1.3600	0.7646	45.2242	76.6732	42.4755	74.5645	37.6559	41.6555	44.4808	46.1097
228	1.3946	0.7577	45.7267	77.1011	42.8081	75.0348	38.3108	41.8661	44.7494	46.3060
229	1.3852	0.7583	45.7649	76.8723	42.8694	74.9245	38.2353	41.9909	44.8536	46.3978
230	1.4033	0.7599	45.6683	76.7486	42.9314	74.8119	38.3530	42.1227	44.8673	46.3824
231	1.3138	0.7536	46.1541	77.0401	43.2023	74.9807	38.1310	42.2784	45.7474	46.6526
232	1.4881	0.7610	45.5691	76.7646	42.8124	74.5687	38.0470	41.9583	45.0605	46.1838
233	1.4421	0.7617	45.5402	76.8653	42.9851	74.8522	38.6777	41.9860	44.9763	46.3003
234	1.3416	0.7566	45.8962	77.0743	43.0552	75.1329	38.6984	41.7077	45.4852	46.3294
235	1.4688	0.7596	45.8686	76.8787	43.0380	74.9368	38.1080	42.2317	45.3970	46.4151
236	1.3530	0.7571	46.0060	77.0148	42.9523	75.0706	37.8656	42.1335	45.4872	46.3231
237	1.4428	0.7554	46.1208	77.0573	43.1848	74.9836	38.4179	42.2155	45.4747	46.6313
238	1.4881	0.7617	45.7269	76.8520	42.9532	75.0645	38.4514	41.8387	45.2825	46.2401
239	1.4253	0.7578	45.7744	77.0379	42.8107	75.2184	37.9165	41.9871	45.0937	46.2457
240	1.3055	0.7552	45.9896	77.0845	43.0833	75.2116	38.5232	42.0815	45.3885	46.3401
241	1.3713	0.7569	45.7914	77.1129	42.8666	75.1168	38.2225	41.8936	45.3493	46.0010
242	1.3387	0.7567	45.9898	77.0713	42.9631	75.1284	38.2326	42.1987	44.9268	46.4942
243	1.2218	0.7521	46.2039	77.3646	43.3181	75.4882	38.8571	42.4788	45.1743	46.7621
244	1.5225	0.7608	45.9005	77.0771	43.1642	75.1236	38.8686	42.1811	45.2193	46.3880
245	1.1756	0.7548	46.1563	77.2035	43.3696	75.1856	39.4149	42.1048	45.3320	46.6268
246	1.2817	0.7566	46.0939	77.0309	43.3220	75.0175	38.9307	42.5826	45.4326	46.3420
247	1.4324	0.7572	45.8882	77.0643	43.1688	75.0665	38.8287	42.2481	45.1786	46.4198
248	1.3803	0.7566	45.8953	77.1416	43.0125	75.0721	38.0995	42.5366	45.1319	46.2821
249	1.4132	0.7572	45.9268	77.0427	43.0674	75.0093	38.6415	41.9996	44.8690	46.7595
250	1.3688	0.7543	46.3005	77.3158	43.4329	75.4136	38.6316	42.3878	45.5295	47.1827
251	1.4717	0.7581	45.8993	77.2034	43.0861	75.3340	38.2147	42.1574	45.0797	46.8925
252	1.4099	0.7637	45.6419	76.8776	42.9132	74.8957	38.7596	41.8840	44.8259	46.1834
253	1.2361	0.7562	46.0783	77.2192	43.2299	75.4137	38.2481	42.6951	45.5172	46.4592
254	1.3433	0.7538	46.2602	77.1022	43.2313	75.0138	38.7088	42.1116	45.3121	46.7925
255	1.5369	0.7579	45.9840	77.1035	43.2027	75.3602	38.4369	42.4972	45.1742	46.7026
256	1.2798	0.7548	46.1151	77.2472	43.2263	75.3370	38.6988	42.1157	45.4228	46.6681
257	1.4355	0.7590	45.9702	77.1401	43.1496	75.3859	38.6666	42.1220	45.1669	46.6429
258	1.5195	0.7672	45.3075	76.7837	42.5912	74.9849	38.1939	41.8063	44.2271	46.1376
259	1.3981	0.7555	45.8186	77.2146	43.0592	75.3009	38.7657	41.9462	45.1078	46.4172
260	1.4164	0.7603	45.8302	77.0373	43.2185	75.2110	38.8454	42.3588	45.3751	46.2946
261	1.3224	0.7570	46.1277	77.1049	43.5240	75.2723	38.7308	42.4530	45.9547	46.9573
262	1.3301	0.7558	46.2121	77.2342	43.2822	75.3513	38.4523	42.1775	45.7585	46.7404
263	1.3924	0.7597	45.9758	77.1751	43.1378	75.1574	38.5422	42.3789	45.4299	46.2002
264	1.3257	0.7539	46.2428	77.2597	43.3894	75.3551	38.6196	42.4429	45.7433	46.7519
265	1.0541	0.7531	46.3667	77.4342	43.4216	75.3267	38.4982	42.5261	45.6330	47.0289
266	1.3163	0.7567	46.1781	77.3134	43.3017	75.2238	38.4542	42.5327	45.5808	46.6393
267	1.3418	0.7585	46.1258	77.1717	43.2882	75.1817	38.6028	42.2007	45.2684	47.0808
268	1.3967	0.7563	46.0842	77.2813	43.2557	75.4388	38.5389	42.1526	45.4015	46.9299
269	1.3733	0.7631	45.7902	77.1024	43.0598	75.2321	38.3257	42.0297	45.5019	46.3820
270	1.3761	0.7617	45.9038	77.0787	43.2545	75.2990	38.6119	42.3509	45.5816	46.4736
271	1.4063	0.7543	46.3391	77.2871	43.6213	75.5989	39.3061	42.5591	45.6995	46.9203
272	1.3031	0.7541	46.2618	77.4977	43.4385	75.6787	38.5752	42.3500	45.9405	46.8882
273	1.4672	0.7579	45.8937	77.3994	43.2375	75.5683	38.5356	42.1379	46.0455	46.2311
274	1.1842	0.7509	46.5104	77.5516	43.7037	75.7216	38.4950	42.9889	46.1594	47.1717
275	1.2999	0.7514	46.4967	77.6580	43.7481	75.7705	38.9055	43.1286	45.8798	47.0785
276	1.1951	0.7465	46.6860	77.9135	43.7603	76.0975	38.8716	43.0497	45.8880	47.2318
277	1.2671	0.7491	46.4190	77.6947	43.4898	75.8273	38.5412	42.7474	45.5573	47.1135
278	1.0926	0.7458	46.8446	77.8496	44.0097	76.0533	39.5857	42.9965	45.8927	47.5640
279	1.1793	0.7505	46.8117	77.6104	43.9396	75.6995	39.2330	42.8668	46.2226	47.4361
280	1.2043	0.7468	47.0326	77.9581	44.2057	76.0783	39.3195	43.0924	46.5147	47.8960
281	1.2945	0.7533	46.5168	77.5967	43.6646	75.5779	38.8497	42.5652	46.0042	47.2391
282	1.3165	0.7539	46.3669	77.5705	43.6375	75.6538	39.0963	42.6036	45.9732	46.8769
283	1.0416	0.7558	46.3784	77.6334	43.5834	75.4977	38.8365	42.9520	45.6606	46.8846
284	1.2762	0.7503	46.7056	77.7063	43.8507	75.8122	39.2437	42.8902	46.0830	47.1859
285	1.1205	0.7488	46.7655	77.8262	43.8953	75.8017	39.2478	42.9251	46.0863	47.3219
286	1.3872	0.7568	46.3984	77.4905	43.5598	75.5779	38.8780	42.7247	46.0551	46.5815
287	1.4328	0.7660	45.7978	77.1349	43.3055	75.5057	38.9480	42.5493	45.6350	46.0897
288	1.2171	0.7517	46.7460	77.6048	43.9359	75.8774	39.1861	43.0078	46.4430	47.1066
289	1.3612	0.7530	46.6403	77.6111	43.7319	75.7524	39.0068	42.9273	45.9302	47.0633
290	1.2302	0.7535	46.7324	77.4426	43.8353	75.5879	38.6910	43.2884	46.2262	47.1357
291	1.2539	0.7563	46.7122	77.3706	43.7603	75.4222	38.9726	43.0110	45.7586	47.2990
292	1.1005	0.7490	47.0733	77.7346	43.8368	75.7249	38.6829	43.1999	46.1993	47.2651
293	1.1684	0.7485	47.0057	77.7705	43.9972	75.8020	39.3904	43.0668	46.2038	47.3279
294	1.1575	0.7468	46.9189	77.8867	43.8195	75.9176	39.1614	42.8021	46.1309	47.1837
295	1.2519	0.7500	46.8371	77.7000	43.9348	75.7998	39.1864	42.9747	46.0642	47.5137
296	1.2312	0.7513	46.6491	77.9179	43.9658	76.0242	39.5486	43.0955	45.6741	47.5448
297	1.2593	0.7498	46.7576	77.9482	44.0864	76.0929	39.7973	43.1845	45.7705	47.5932
298	1.2950	0.7528	46.5863	77.6669	43.6968	75.8936	38.9457	42.5153	46.1608	47.1655
299	1.1746	0.7528	46.4244	77.7069	43.6847	75.8537	38.8588	42.4476	45.9231	47.5091
300	1.2125	0.7543	46.4834	77.5970	43.6949	75.7072	38.8786	42.6094	45.9771	47.3145
301	1.2291	0.7538	46.5102	77.6009	43.8238	75.6977	38.8100	42.7075	46.6641	47.1137
302	1.2682	0.7552	46.5472	77.6632	43.7960	75.8094	39.2876	42.7854	46.1369	46.9743
303	1.4265	0.7694	45.8495	77.0590	43.2291	75.2771	38.8322	42.5078	45.2227	46.3535
304	1.2912	0.7588	46.3262	77.5531	43.6595	75.6963	39.2896	42.1282	46.2610	46.9593
305	1.2268	0.7510	46.7438	77.6943	44.0511	75.8067	39.0503	43.4588	46.2366	47.4585
306	1.2112	0.7522	46.6048	77.8078	43.7122	75.9328	38.9424	42.4980	46.4836	46.9246
307	1.2613	0.7520	46.5613	77.7994	43.7763	75.8008	39.0618	43.1375	46.0281	46.8779
308	1.1564	0.7553	46.6485	77.4926	43.9487	75.6637	39.5767	42.9081	46.1577	47.1521
309	1.1844	0.7495	46.8624	77.6958	44.1186	75.8197	39.4524	43.3647	46.1340	47.5234
310	1.1710	0.7495	46.9400	77.8716	44.0564	75.9599	39.3838	43.0982	46.2973	47.4463
311	1.1937	0.7494	46.9241	77.8315	43.9795	76.0255	39.3262	42.8101	46.4729	47.3090
312	1.2544	0.7503	46.9586	77.7084	44.1634	75.7891	39.1776	43.4503	46.3762	47.6496
313	1.2400	0.7482	46.9644	77.8632	44.1373	75.9516	39.5610	43.7568	46.0002	47.2311
314	1.1355	0.7441	47.0218	77.9848	44.0260	76.2463	38.9061	43.5202	46.6267	47.0512
315	1.2197	0.7475	46.9385	77.8948	43.8135	76.1611	38.5893	42.7629	46.6790	47.2226
316	1.0995	0.7409	47.4086	78.2123	44.2960	76.3859	39.4210	43.0793	46.7851	47.8986
317	1.2128	0.7427	47.2471	78.1128	44.4497	76.1240	39.5597	43.4781	47.1423	47.6185
318	1.2444	0.7488	46.9089	77.7447	44.0546	75.7925	39.6094	42.7280	46.1843	47.6965
319	1.1341	0.7460	47.0733	78.0802	44.2505	76.1251	39.6114	42.9606	46.8763	47.5535
320	1.2613	0.7504	46.9043	77.9020	44.0330	76.1079	39.6599	42.8048	46.5143	47.1529
321	1.1958	0.7512	47.0184	77.6368	43.9674	75.7979	39.1464	43.3149	45.9259	47.4823
322	1.1194	0.7440	47.6480	78.0604	44.7405	76.3792	40.2532	44.1167	46.6470	47.9452
323	1.1318	0.7470	47.4567	78.0618	44.3979	76.3065	39.1523	44.0664	46.9612	47.4116
324	1.0613	0.7462	47.2098	77.9877	44.2802	76.1275	39.5086	43.3668	46.5655	47.6801
325	1.2668	0.7516	47.0094	77.7638	44.2298	75.9516	40.0752	42.6845	46.2960	47.8636
326	1.1051	0.7466	47.2487	77.9103	44.4169	76.1265	40.0000	43.2841	46.7549	47.6285
327	1.1132	0.7475	47.2472	77.9607	44.3608	76.1760	39.4643	43.3252	46.9576	47.6961
328	1.1131	0.7471	46.9939	78.0354	44.1498	76.2807	39.5881	43.2663	46.6186	47.1263
329	1.2994	0.7651	46.2612	77.3001	43.7452	75.6657	39.5489	43.0878	45.8044	46.5395
330	1.1597	0.7507	47.1484	77.8030	44.3303	76.0503	39.6126	43.6608	46.4745	47.5732
331	1.0985	0.7488	47.2131	77.9946	44.2279	76.1357	39.2623	43.4797	46.2443	47.9253
332	1.1003	0.7500	47.1164	78.0044	44.2429	76.1837	39.3124	43.5781	46.5249	47.5559
333	1.1073	0.7478	47.2380	78.0212	44.3407	76.3346	39.5606	43.3961	46.4413	47.9650
334	1.0811	0.7477	47.1742	78.0028	44.3509	76.2871	39.8517	43.3252	46.2477	47.9792
335	1.2446	0.7534	47.1527	77.6921	44.2537	75.9750	39.3736	43.2557	46.0961	48.2895
336	1.2104	0.7521	47.2015	77.7694	44.3535	76.1643	39.6843	43.4712	46.2487	48.0097
337	1.0929	0.7449	47.3664	78.2203	44.5364	76.3908	39.7440	43.9974	46.1666	48.2378
338	1.3228	0.7570	46.7933	77.5521	43.8804	75.7072	39.7125	42.7970	45.5126	47.4997
339	1.1772	0.7457	47.4648	78.0295	44.2452	76.0781	39.2402	43.1693	46.4712	48.0998
340	1.2548	0.7485	47.2909	77.7554	44.4412	75.9263	39.8484	43.5395	46.4835	47.8934
341	1.0898	0.7486	47.3839	77.9334	44.3368	76.0323	39.7914	43.4528	46.1126	47.9904
342	1.1464	0.7435	47.2358	78.1795	44.3060	76.2117	40.0837	43.2174	45.8772	48.0457
343	1.2735	0.7461	47.3101	78.0601	44.6536	76.3344	40.6092	43.7483	46.4602	47.7968
344	1.2006	0.7442	47.3041	78.3005	44.5675	76.5636	40.3303	43.6644	46.6994	47.5759
345	1.1675	0.7498	47.1933	77.9189	44.0564	76.1666	39.5782	42.9741	46.3204	47.3527
346	1.0801	0.7476	47.5902	78.0787	44.5838	76.1858	39.6685	43.6105	46.9400	48.1163
347	1.1935	0.7503	47.1390	78.1099	44.4303	76.3695	39.6744	43.7079	46.5202	47.8188
348	1.0064	0.7500	47.4319	77.8313	44.4349	75.9647	39.6601	43.6606	46.4139	48.0051
349	1.0566	0.7409	47.9289	78.1884	44.6636	76.3308	39.2685	44.0270	47.0979	48.2612
350	1.1006	0.7461	47.6313	78.1374	44.5797	76.4188	39.7144	43.9008	46.7080	47.9957
351	1.0132	0.7480	47.3281	78.0972	44.3010	76.1870	39.8438	43.3271	46.4700	47.5631
352	1.0951	0.7457	47.5255	78.1393	44.3303	76.0929	39.3547	43.1233	46.7490	48.0942
353	1.1032	0.7437	47.5579	78.1794	44.4185	76.2962	39.4729	43.7046	46.3188	48.1775
354	1.2192	0.7484	47.2222	77.9745	44.2789	76.0053	39.3675	43.2420	46.5400	47.9658
355	1.1661	0.7478	47.5259	78.0870	44.5797	76.1853	39.6246	43.6823	46.8781	48.1338
356	1.0966	0.7440	47.6617	78.2481	44.8323	76.3426	40.1836	43.9518	47.0691	48.1249
357	1.1351	0.7431	47.7531	78.1786	44.9527	76.1895	39.9816	44.0318	47.2756	48.5219
358	1.2696	0.7511	47.1816	78.1396	44.7217	76.4428	40.4715	43.9479	46.9777	47.4896
359	1.1457	0.7519	47.2280	78.0392	44.6255	76.3468	40.0368	44.1080	46.3268	48.0306
360	1.1443	0.7425	47.4085	78.4188	44.5379	76.4524	40.2369	43.2725	46.3173	48.3250
361	1.1454	0.7503	47.2352	77.9131	44.6609	76.1966	40.0765	44.1223	46.2520	48.1930
362	1.0903	0.7463	47.3572	77.9684	44.6761	76.2816	40.0542	44.1476	46.3526	48.1500
363	1.0554	0.7414	47.6548	78.5058	45.0242	76.7631	40.3813	44.2524	46.9687	48.4944
364	1.1100	0.7432	47.7180	78.3854	45.0061	76.7677	40.9158	43.7627	47.0738	48.2719
365	1.0806	0.7390	47.6873	78.6318	44.8217	76.9110	40.4090	43.9466	46.7613	48.1699
366	1.2034	0.7430	47.3767	78.5536	44.7487	76.8322	41.1001	43.6394	46.6135	47.6415
367	1.0636	0.7394	47.6279	78.5803	45.0277	76.7474	41.3997	43.6026	47.1592	47.9492
368	0.9111	0.7369	47.8854	78.6387	45.0706	76.7092	40.7919	44.1108	47.1153	48.2643
369	1.0225	0.7419	47.6725	78.4421	44.8871	76.6166	40.0842	44.3097	46.8706	48.2840
370	0.9635	0.7456	47.5910	78.2829	44.9007	76.3547	40.5321	43.7953	46.7448	48.5304
371	1.0704	0.7415	47.6516	78.3905	44.8446	76.5240	40.6170	43.7606	46.4846	48.5164
372	1.2210	0.7468	47.3541	78.1633	44.4738	76.5895	40.1524	43.0361	46.3149	48.3920
373	1.1332	0.7442	47.6723	78.4209	44.9375	76.8180	40.1186	44.2687	46.7966	48.5660
374	1.0196	0.7453	47.5147	78.3195	44.7194	76.6958	40.1591	43.5562	46.8712	48.2910
375	1.0364	0.7459	47.3551	78.2787	44.5659	76.6178	39.9965	43.6118	46.6526	48.0027
376	1.1102	0.7470	47.4745	78.0695	44.5906	76.2418	40.4581	43.3027	46.5463	48.0553
377	1.1735	0.7522	46.9424	78.0268	44.2817	76.3679	40.5580	43.3378	45.7951	47.4360
378	1.1815	0.7436	47.4965	78.4716	44.6953	76.7713	40.5160	43.6823	46.5915	47.9912
379	1.1154	0.7426	47.5313	78.4832	44.5836	76.7393	39.8662	43.7374	46.7454	47.9852
380	1.0799	0.7464	47.3844	78.2241	44.6136	76.5064	40.1960	43.8044	46.3171	48.1370
381	1.0627	0.7446	47.5321	78.2467	44.8265	76.5046	40.8141	43.9202	46.5201	48.0517
382	1.0595	0.7446	47.8325	78.2392	44.9284	76.5261	40.1167	44.5423	46.4884	48.5662
383	1.0078	0.7438	47.6486	78.3681	44.7944	76.6306	39.8524	44.2318	46.7418	48.3517
384	1.0414	0.7419	47.8923	78.4164	45.2388	76.8233	40.8595	44.4534	46.9582	48.6841
385	0.9784	0.7426	47.6979	78.3001	44.9325	76.6470	40.4741	44.1291	46.8443	48.2825
386	1.0513	0.7449	47.6447	78.1608	44.8506	76.4309	40.2951	44.1241	46.6340	48.3491
387	1.1485	0.7455	47.7034	78.2091	44.7845	76.5802	40.4924	43.5980	46.6486	48.3990
388	1.0254	0.7427	47.9448	78.3285	45.0170	76.4714	40.6210	43.9088	47.0359	48.5024
389	1.0149	0.7410	48.0280	78.3632	45.2891	76.6614	40.9067	44.4162	47.0943	48.7390
390	1.0792	0.7356	48.2510	78.5941	45.4785	76.7856	40.9292	44.7046	47.3422	48.9378
391	1.1285	0.7406	48.1337	78.5551	45.2482	76.6565	40.3707	44.6652	47.1151	48.8416
392	1.0747	0.7451	47.9422	78.2691	45.2774	76.6635	40.6021	44.1981	47.5306	48.7790
393	0.9579	0.7362	48.4626	78.5434	45.6838	76.9238	40.7838	44.6414	47.9780	49.3318
394	1.1386	0.7422	48.0136	78.3662	45.0089	76.5194	40.3506	44.3188	47.2020	48.1643
395	1.0508	0.7376	47.9896	78.5390	45.1005	76.7739	40.7406	44.1636	46.8988	48.5991
396	1.0767	0.7421	47.9649	78.1061	45.1060	76.3624	40.6635	44.4581	46.6837	48.6187
397	1.1510	0.7399	47.9354	78.3566	45.1615	76.6437	40.9290	44.3167	46.8911	48.5090
398	1.0254	0.7418	47.7280	78.4060	44.8720	76.7357	40.5473	43.5171	46.9740	48.4496
399	1.1888	0.7449	47.7549	78.3072	44.7802	76.5982	40.2573	43.8738	46.6023	48.3877
